type,key,EN,FR,ES,PT,source_files,usage,,,,
template,common.no_data,no data,données indisponibles,datos no disponibles,dados indisponíveis,charts_sampling.R,Chart annotation,,,,
template,common.note,Note,Note,Nota,Nota,charts_sampling.R,Caption label,,,,
template,common.others,Others,Autres,Otros,Outros,charts_sampling.R; charts_score.R,Generated category label,,,,
template,common.overall,Overall,Global,General,Global,charts_score.R; export.R,Generic displayed label,,,,
template,common.percentage,Percentage (%),Pourcentage (%),Porcentaje (%),Percentagem (%),charts.R; tables.R,Table header,,,,
template,common.respondents,Respondents,Répondants,Personas encuestadas,Respondentes,charts_sampling.R,Map popup label,,,,
template,common.source,Source,Source,Fuente,Fonte,charts_sampling.R,Caption label,,,,
template,common.total,Total,Total,Total,Total,charts.R; tables.R,Table total row,,,,
template,common.total_respondents,Total respondents,Nombre total de répondants,Número total de personas encuestadas,Total de respondentes,charts_sampling.R; charts.R; tables.R,Legend/table header,,,,
template,drivers.behaviours_title,Interactions with the Red Cross,Interactions avec la Croix-Rouge,Interacciones con la Cruz Roja,Interações com a Cruz Vermelha,,,,,,
template,drivers.exp_title,Past experiences with the Red Cross,Expériences passées avec la Croix-Rouge,Experiencias previas con la Cruz Roja,Experiências anteriores com a Cruz Vermelha,,,,,,
template,drivers.intention_subtitle,In the next 12 months,Au cours des 12 prochains mois,Durante los próximos 12 meses,Nos próximos 12 meses,,,,,,
template,drivers.intention_title,Intentions toward the Red Cross,Intentions envers la Croix-Rouge,Intenciones hacia la Cruz Roja,Intenções em relação à Cruz Vermelha,,,,,,
template,drivers.impact_title,Perceived impact of Red Cross action,Impact perçu de l’action de la Croix-Rouge,Impacto percibido de la acción de la Cruz Roja,Impacto percebido da ação da Cruz Vermelha,,,,,,
template,drivers.opinions_subtitle,Respondents' opinions and perceptions about,Opinions et perceptions des répondants concernant %s,Opiniones y percepciones de las personas encuestadas sobre %s,Opiniões e perceções dos respondentes sobre,charts_drivers.R,Chart title,,,,
template,drivers.responses_by_subdimension,Survey responses by subdimension,Réponses à l’enquête par sous-dimension,Respuestas de la encuesta por subdimensión,Respostas ao inquérito por subdimensão,charts_score.R,Data label,,,,
template,export.extra_questions,Extra questions,Questions supplémentaires,Preguntas adicionales,Questões adicionais,tables.R,Error message,,,,
template,export.factor,Factor,Facteur,Factor,Fator,export.R,Export group/name,,,,
template,export.geographic,Geographic,Géographique,Geográfico,Geográfico,export.R,Worksheet label,,,,
template,export.sampling_age,Sampling - age,Échantillonnage - âge,Muestreo - edad,Amostragem - idade,export.R,Worksheet/export label,,,,
template,export.sampling_gender,Sampling - gender,Échantillonnage - genre,Muestreo - género,Amostragem - género,export.R,Worksheet label,,,,
template,export.sampling_geographic,Sampling - geographic,Échantillonnage - géographie,Muestreo - geografía,Amostragem - geografia,export.R,Worksheet label,,,,
template,export.sampling_profile,Sampling - profile,Échantillonnage - profil,Muestreo - perfil,Amostragem - perfil,export.R,Worksheet label,,,,
template,export.series,Series,Série,Serie,Série,export.R,Export group,,,,
template,report.behaviours_questions,Behaviours,Comportements,Comportamientos,Comportamentos,,,,,,
template,report.channel_questions,Channels,Canaux,Canales,Canais,,,,,,
template,report.competencies,Competencies,Compétences,Competencias,Competências,,,,,,
template,report.contextual_questions,Contextual questions,Questions contextuelles,Preguntas contextuales,Questões contextuais,,,,,,
template,report.contextual_questions.text,"This section presents findings on community members’ experiences with and behaviors toward the Red Cross. These questions explore interactions, perceptions, and engagement patterns, offering insights into how the Red Cross is viewed and utilized within the community.","Cette section présente les résultats relatifs aux expériences des membres de la communauté avec la Croix-Rouge ainsi qu'à leurs comportements à son égard. Ces questions explorent les interactions, les perceptions et les modes d'engagement, afin de mieux comprendre comment la Croix-Rouge est perçue et sollicitée au sein des communautés.","sta sección presenta los resultados sobre las experiencias de los miembros de la comunidad con la Cruz Roja y sus comportamientos hacia ella. Estas preguntas exploran las interacciones, las percepciones y los patrones de participación, con el fin de comprender mejor cómo la Cruz Roja es percibida y utilizada dentro de las comunidades.","Esta secção apresenta os resultados sobre as experiências dos membros da comunidade com a Cruz Vermelha e os seus comportamentos em relação à mesma. Estas questões exploram as interações, perceções e padrões de envolvimento, permitindo compreender melhor como a Cruz Vermelha é vista e utilizada na comunidade.",,,,,,
template,report.correlation,Correlation,Corrélation,Correlación,Correlação,,,,,,
template,report.coverage,Coverage,Couverture,Cobertura,Cobertura,,,,,,
template,report.download,Download,Télécharger,Descargar,Transferir,,,,,,
template,report.download_button,Download Summary Excel File,Télécharger le fichier Excel de synthèse,Descargar el archivo Excel de resumen,Transferir ficheiro Excel de síntese,,,,,,
template,report.drivers,Perception of trust,Perception de la confiance,Percepción de la confianza,Perceção de confiança,,,,,,
template,report.exp_questions,Experiences,Expériences,Experiencias,Experiências,,,,,,
template,report.gender,Gender and Age,Genre et âge,Género y edad,Género e idade,,,,,,
template,report.geographic_distribution,Geographic distribution,Distribution géographique,Muestreo,Distribuição geográfica,,,,,,
template,report.insights,Key insights,Points clés,Puntos clave,Principais conclusões,,,,,,
template,report.intention_questions,Intention,Intentions,Intenciones,Intenção,,,,,,
template,report.impact_questions,Impact,Impact,Impacto,Impacto,,,,,,
template,report.knowledge_questions,Awareness of communities,Sensibilisation des communautés,Conocimiento de las comunidades,Conhecimento das comunidades,,,,,,
template,report.risk_questions,Risk perception,Perception des risques,Percepción de los riesgos,Perceção do risco,,,,,,
template,report.ews_questions,Trust and EWS,Confiance et Alertes précoces,Confianza y Alerta Temprana,Confiança e alerta precoce,,,,,,
template,report.ews,Early Warning,Alertes précoces,Alerta Temprana,Alerta precoce,,,,,,
template,report.methods,Methods,Méthodes,Métodos,Métodos,,,,,,
template,report.methods_metrics,Methods and Metrics,Méthodes et indicateurs,Métodos e indicadores,Métodos e métricas,,,,,,
template,report.metrics,Metrics,Indicateurs,Indicadores,Métricas,,,,,,
template,report.results,Survey Results,Résultats de l'enquête,Resultados de la encuesta,Resultados do inquérito,,,,,,
template,report.sampling,Sampling,Échantillonnage,Muestreo,Amostragem,,,,,,
template,report.limitations,Limitations,Limitations,Limitaciones,Limitações,,,,,,
template,report.score,Scores,Scores,Puntuaciones,Pontuações,,,,,,
template,report.score_factors,Score by factors,Score par facteurs,Puntuación por factores,Pontuação por fatores,,,,,,
template,report.score_overall,Overall Score,Score global,Puntuación general,Pontuação global,,,,,,
template,report.score_profile,Score by respondent profile,Score par profil des répondants,Puntuación por perfil de los encuestados,Pontuação por perfil de respondente,,,,,,
template,report.scoring_methods,Scoring methodology,Méthodologie de calcul des scores,Metodología de puntuación,Metodologia de pontuação,,,,,,
template,report.significance_testing,Significance testing,Tests de significativité,Pruebas de significancia,Teste de significância,,,,,,
template,report.values,Values,Valeurs,Valores,Valores,,,,,,
template,report.weighting,Weighting,Pondération,Ponderación,Ponderação,,,,,,
template,report.weighting_comparison,Weighting vs. unweighting,Pondération vs. données non pondérées,Ponderación vs. datos no ponderados,Ponderação vs. ausência de ponderação,,,,,,
template,runtime.charts_loaded,Charts and visual outputs loaded,Graphiques et éléments visuels chargés,Gráficos y elementos visuales cargados,Gráficos e resultados visuais carregados,charts_advanced.R; charts.R; charts_score.R; charts_sampling.R; charts_drivers.R,Console message,,,,
template,runtime.data_exported,Report data exported,Données du rapport exportées,Datos del informe exportados,Dados do relatório exportados,export.R,Console message,,,,
template,runtime.exporting_data,Exporting report data...,Exportation des données du rapport...,Exportando los datos del informe...,A exportar dados do relatório...,charts_sampling.R,Console message,,,,
template,runtime.loading_charts,Loading charts and visual outputs...,Chargement des graphiques et des éléments visuels...,Cargando gráficos y elementos visuales...,A carregar gráficos e resultados visuais...,export.R,Export column label,,,,
template,runtime.sampling_charts_loaded,Sampling charts and visual outputs loaded,Graphiques d’échantillonnage et éléments visuels chargés,Gráficos de muestreo y elementos visuales cargados,Gráficos e resultados visuais da amostragem carregados,charts_advanced.R; charts.R; charts_score.R; charts_drivers.R,Console message,,,,
template,runtime.sampling_charts_loading,Loading sampling charts and visual outputs...,Chargement des graphiques d’échantillonnage et des éléments visuels...,Cargando gráficos de muestreo y elementos visuales...,A carregar gráficos e resultados visuais da amostragem...,charts_sampling.R,Console message,,,,
template,sampling.admin_levels_available,All administrative levels are available. Proceeding...,Tous les niveaux administratifs sont disponibles. Poursuite du traitement...,Todos los niveles administrativos están disponibles. Continuando...,Todos os níveis administrativos estão disponíveis. A prosseguir...,charts_sampling.R,Error message,,,,
template,sampling.category_data_missing,Data for %s not available,Les données pour %s ne sont pas disponibles,Los datos de %s no están disponibles,Dados para %s não disponíveis,charts_sampling.R,Placeholder message,,,,
template,sampling.excluded_custom_note, %s responses total %s%%.,les réponses %s représentent %s %%.,las respuestas %s representan el %s%%., As respostas %s totalizam %s%%.,charts_sampling.R,"Dynamic caption; percentage, source",,,,
template,sampling.excluded_standard_note,Prefer not to answer' and 'Don't know' responses total %s%%.,les réponses « Préfère ne pas répondre » et « Ne sait pas » représentent %s %%.,las respuestas «Prefiere no responder» y «No sabe» representan el %s%%.,As respostas «Prefiro não responder» e «Não sei» totalizam %s%%.,charts_sampling.R,Runtime message,,,,
template,sampling.from_survey,From survey,Données de l’enquête,Datos de la encuesta,Do inquérito,charts_sampling.R,Chart title,,,,
template,sampling.gender_excluded_note,Other or unanswered responses total %s%%.,les réponses « Autre » ou sans réponse représentent %s %%.,las respuestas «Otro» o sin respuesta representan el %s%%.,As respostas «Outro» ou sem resposta totalizam %s%%.,charts_sampling.R,Dynamic caption; source,,,,
template,sampling.gender_source_note,Survey: %s - Population data: %s (%s),Enquête : %s - Données de population : %s (%s),Encuesta: %s - Datos de población: %s (%s),Inquérito: %s - Dados da população: %s (%s),charts_sampling.R,Dynamic caption; percentage and three sources,,,,
template,sampling.geo_population_missing,Geographic population data not available,Les données géographiques de population ne sont pas disponibles,Los datos geográficos de población no están disponibles,Dados geográficos da população não disponíveis,charts_sampling.R,Placeholder message,,,,
template,sampling.geo_excluded_note,"missing, excluded or non-response geographic values total %s%%.","les valeurs géographiques manquantes, exclues ou sans réponse représentent %s %%.","los valores geográficos faltantes, excluidos o sin respuesta representan el %s%%.","os valores geográficos em falta, excluídos ou sem resposta totalizam %s%%.",charts_sampling.R,Dynamic caption; percentage and source,,,,
template,sampling.no_valid_geo_data,No valid geographic survey data available,Aucune donnée géographique valide n’est disponible dans l’enquête,No hay datos geográficos válidos disponibles en la encuesta,Não existem dados geográficos válidos do inquérito,charts_sampling.R,Placeholder message,,,,
template,sampling.no_data_note,no data' indicates unreported or unavailable values.,« données indisponibles » indique des valeurs non déclarées ou non disponibles.,«datos no disponibles» indica valores no declarados o no disponibles.,«dados indisponíveis» indica valores não comunicados ou indisponíveis.,charts_sampling.R,"Dynamic caption; response list, percentage, source",,,,
template,sampling.no_matching_geographies,No matching geographies after join. Check join keys or spelling.,Aucune correspondance géographique après la jointure. Vérifiez les clés de jointure ou l’orthographe.,No hay geografías coincidentes después de la unión. Verifique las claves de unión o la ortografía.,Não existem geografias correspondentes após a associação. Verifique as chaves de associação ou a grafia.,charts_sampling.R,Dynamic placeholder; one %s argument,,,,
template,sampling.other_regions,Other regions,Autres régions,Otras regiones,Outras regiões,charts_sampling.R,Population pyramid title,,,,
template,sampling.population,Population,Population,Población,População,charts_sampling.R,Chart subtitle,,,,
template,sampling.region_column_missing,Region column missing from survey data,La variable région est absente des données de l’enquête,La variable de región no está disponible en los datos de la encuesta,A coluna da região está em falta nos dados do inquérito,charts_sampling.R,Map legend title,,,,
template,sampling.survey,Survey,Enquête,Encuesta,Inquérito,charts_sampling.R,Chart title/series label,,,,
template,sampling.survey_vs_population,Survey vs. population data,Comparaison entre les données de l’enquête et de la population,Comparación entre los datos de la encuesta y de la población,Inquérito vs. dados da população,charts_sampling.R,Series/caption label,,,,
template,sampling.title,Sampling,Échantillonnage,Muestreo,Amostragem,,,,,,
template,sampling.total_respondents_map,Total respondents,Nombre total de répondants,Número total de personas encuestadas,Total de respondentes,charts_sampling.R,Generated geographic category/comment label,,,,
template,map.total_respondents,Total respondents,Total des répondants,Total de encuestados,Total de respondentes,map_sampling,,,,,
template,map.respondents, Respondents, Répondants, Encuestados, Respondentes,map_sampling,,,,,
template,score.competencies,Competencies,Compétences,Competencias,Competências,charts_sampling.R,Dynamic caption; three source values,,,,
template,score.competency,Competency,Compétence,Competencia,Competência,charts_score.R; charts.R; export.R,Chart/export label,,,,
template,score.dimension,Dimension,Dimension,Dimensión,Dimensão,export.R,Module/export label,,,,
template,score.drivers,Drivers,Facteurs,Factores,Fatores,charts_advanced.R; charts.R; export.R,Facet/export label,,,,
template,score.group,Group,Groupe,Grupo,Grupo,charts_advanced.R; charts.R,Axis label,,,,
template,score.institutional,Institutional,Institutionnel,Institucional,Institucional,export.R,Export sheet label,,,,
template,score.mean,Mean,Moyenne,Promedio,Média,charts_score.R,Legend/data label,,,,
template,score.overall_competencies,Overall competencies,Compétences globales,Competencias generales,Competências globais,charts_score.R; export.R,Dimension label,,,,
template,score.overall_values,Overall values,Valeurs globales,Valores generales,Valores globais,charts_score.R,Generated score row,,,,
template,score.score_variation,Score variation,Variation du score,Variación de la puntuación,Variação da pontuação,charts_advanced.R; charts.R; export.R,Axis/export label,,,,
template,score.trust_index,Trust Index,Indice de confiance,Índice de confianza,Índice de confiança,charts_score.R,Generated score row,,,,
template,score.value,Value,Valeur,Valor,Valor,charts_score.R; export.R,Dimension label,,,,
template,score.values,Values,Valeurs,Valores,Valores,charts_score.R; charts.R; export.R,Chart/export label,,,,
template,score.pillar1.label,Pillar 1,Pilier 1,Pilar 1,Pilar 1,charts_score.R; charts.R; export.R,Chart/export label,,,,
template,score.pillar2.label,Pillar 2,Pilier 2,Pilar 2,Pilar 2,,,,,,
template,score.pillar3.label,Pillar 3,Pilier 3,Pilar 3,Pilar 3,,,,,,
template,score.pillar4.label,Pillar 4,Pilier 4,Pilar 4,Pilar 4,,,,,,
template,score.bypillar,Score by Pillar,Score par pilier,Puntuación por pilar,Pontuação por pilar,,,,,,
template,score.combined,Combined Score,Score combiné,Puntuación combinada,Pontuação combinada,,,,,,
template,score.average,Avg.: %.2f,Moy. : %.2f,Prom.: %.2f,Méd.: %.2f,,,,,,
template,score.disaster_risk_knowledge,Disaster Risk Knowledge,Connaissance des risques de catastrophe,Conocimiento del riesgo de desastres,Conhecimento sobre o risco de catástrofes,charts_score.R,Pillar 1 chart title,,,,
template,score.detection_monitoring_forecasting,"Detection, Monitoring & Forecasting","Détection, surveillance et prévision","Detección, monitoreo y pronóstico","Deteção, monitorização e previsão",charts_score.R,Pillar 2 chart title,,,,
template,score.warning_dissemination_communication,Warning Dissemination & Communication,Diffusion des alertes et communication,Difusión de alertas y comunicación,Divulgação e comunicação de alertas,charts_score.R,Pillar 3 chart title,,,,
template,score.preparedness_response_capabilities,Preparedness & Response Capabilities,Capacités de préparation et de réponse,Capacidades de preparación y respuesta,Capacidades de preparação e resposta,charts_score.R,Pillar 4 chart title,,,,
template,score.combined_scores_by_drivers,Combined Scores by Drivers,Scores combinés par facteur,Puntuaciones combinadas por factor,Pontuações combinadas por fator,charts_score.R,Combined chart title,,,,
template,score.mean_score_by_driver_pillar,"Mean score by driver, disaggregated by pillar contribution","Score moyen par facteur, ventilé par contribution des piliers","Puntuación media por factor, desglosada por la contribución de cada pilar","Pontuação média por fator, desagregada pela contribuição de cada pilar",charts_score.R,Combined chart subtitle,,,,
template,score.pillar12,Pillar 1 & 2,Pilier 1 & 2,Pilar 1 y 2,Pilar 1 e 2,,,,,,
template,score.pillar34,Pillar 3 & 4,Pilier 3 & 4,Pilar 3 y 4,Pilar 3 e 4,,,,,,
template,score.pillar1.long_label,Disaster Risk Knowledge,Connaissance des risques de catastrophe,Conocimiento del riesgo de desastres,Conhecimento sobre o risco de catástrofes,,,,,,
template,score.pillar2.long_label,"Detection, Monitoring & Forecasting","Détection, surveillance et prévision","Detección, monitoreo y pronóstico","Deteção, monitorização e previsão",,,,,,
template,score.pillar3.long_label,Warning Dissemination & Communication,Diffusion des alertes et communication,Difusión de alertas y comunicación,Divulgação e comunicação de alertas,,,,,,
template,score.pillar4.long_label,Preparedness & Response Capabilities,Capacités de préparation et de réponse,Capacidades de preparación y respuesta,Capacidades de preparação e resposta,,,,,,
template,table.adm1_missing,"The adm1 variable is missing, empty, or does not correspond to a column in the dataset.","La variable adm1 est absente, vide ou ne correspond à aucune colonne du jeu de données.","La variable adm1 falta, está vacía o no corresponde a ninguna columna del conjunto de datos.","A variável adm1 está em falta, vazia ou não corresponde a uma coluna do conjunto de dados.",charts.R; tables.R,Dynamic geographic caption; three levels,,,,
template,table.age_group,Age group,Groupe d’âge,Grupo de edad,Grupo etário,charts.R; tables.R; export.R,Table/export label,,,,
template,table.gender,Gender,Genre,Género,Género,charts_drivers.R,Experience response category,,,,
template,table.geo,Geographic,Géographique,Geográfico,Geográfico,charts.R; tables.R; export.R,Table/export label,,,,
template,table.profile,Profile,Profil,Perfil,Perfil,charts.R; tables.R; export.R,Table/export label,,,,
template,common.age_group,Age group,Groupe d’âge,Grupo de edad,Grupo etário,charts.R; tables.R; export.R,Table/export label,,,,
template,table.respondents_by_age_group,Respondents by age group,Répondants par groupe d’âge,Personas encuestadas por grupo de edad,Respondentes por grupo etário,charts.R,Table caption,,,,
template,table.respondents_by_gender,Respondents by gender,Répondants par genre,Personas encuestadas por género,Respondentes por género,charts.R; tables.R,Table header,,,,
template,table.respondents_by_one_level,Respondents by %s,Répondants par %s,Personas encuestadas por %s,Respondentes por %s,charts.R,Table caption,,,,
template,table.respondents_by_rc_relationship,Respondents by relationship with the Red Cross,Répondants selon leur relation avec la Croix-Rouge,Personas encuestadas según su relación con la Cruz Roja,Respondentes por relação com a Cruz Vermelha,charts.R,Table caption,,,,
template,table.respondents_by_three_levels,"Respondents by %s, %s and %s","Répondants par %s, %s et %s","Personas encuestadas por %s, %s y %s","Respondentes por %s, %s e %s",charts.R; tables.R,Dynamic geographic caption; two levels,,,,
template,table.respondents_by_two_levels,Respondents by %s and %s,Répondants par %s et %s,Personas encuestadas por %s y %s,Respondentes por %s e %s,charts.R; tables.R,Dynamic geographic caption; one level,,,,
template,common.and,and,et,y,e,charts.R; tables.R; export.R,Dynamic geographic caption;,,,,
variable,dimension.competencies,Competencies,Compétences,Competencias,Competências,charts_sampling.R,Dynamic caption; three source values,,,,
variable,dimension.competency,Competency,Compétence,Competencia,Competência,charts_score.R; charts.R; export.R,Chart/export label,,,,
variable,dimension.institutional,Institutional,Institutionnel,Institucional,Institucional,export.R,Export sheet label,,,,
variable,weighted,Weighted,Pondéré,Ponderado,Ponderado,charts_advanced.R,Weighting legend,,,,
variable,unweighted,Unweighted,Non pondéré,No ponderado,Não ponderado,charts_advanced.R,Weighting legend,,,,
variable,dimension.overall_only,Overall,Globales,Generales,Global,charts_score.R; export.R,Dimension label,,,,
variable,dimension.overall_competencies,Overall competencies,Compétences globales,Competencias generales,Competências globais,charts_score.R; export.R,Dimension label,,,,
variable,dimension.overall_values,Overall values,Valeurs globales,Valores generales,Valores globais,charts_score.R,Generated score row,,,,
variable,dimension.trust_index,Trust Index,Indice de confiance,Índice de confianza,Índice de confiança,charts_score.R,Generated score row,,,,
variable,dimension.value,Value,Valeur,Valor,Valor,charts_score.R; export.R,Dimension label,,,,
variable,dimension.values,Values,Valeurs,Valores,Valores,charts_score.R; charts.R; export.R,Chart/export label,,,,
variable,admin1.long,Oblast,Oblast,Oblast,Oblast,question_code,Question long label,,,,
variable,admin1.short,Oblast,Oblast,Oblast,Oblast,question_code,Question short label,,,,
variable,admin2.long,Kraj,Kraj,Kraj,Kraj,question_code,Question long label,,,,
variable,admin2.short,Kraj,Kraj,Kraj,Kraj,question_code,Question short label,,,,
variable,age.long,How old are you?,Quel âge avez-vous ?,¿Qué edad tiene?,Qual é a sua idade?,question_code,Question long label,,,,
variable,age.short,Age,Âge,Edad,Idade,question_code,Question short label,,,,
variable,Date.long,Date,Date,Fecha,Data,question_code,Question long label,,,,
variable,Date.short,Date,Date,Fecha,Data,question_code,Question short label,,,,
variable,know_RC.long,Have you heard of the Red Cross?,Avez-vous entendu parler de la Croix-Rouge ?,¿Ha oído hablar de la Cruz Roja?,Já ouviu falar da Cruz Vermelha?,question_code,Question long label,,,,
variable,know_RC.short,Heard of RC,Connaissance de la Croix-Rouge,Conocimiento de la Cruz Roja,Já ouviu falar da Cruz Vermelha,question_code,Question short label,,,,
variable,language.long,What main language do you speak at home?,Quelle langue parlez-vous principalement à la maison ?,¿Qué idioma habla principalmente en casa?,Qual é a principal língua que fala em casa?,question_code,Question long label,,,,
variable,language.short,Main language,Langue principale,Idioma principal,Língua principal,question_code,Question short label,,,,
variable,localities.long,Zone,Zone,Zona,Zona,question_code,Question long label,,,,
variable,localities.short,Zone,Zone,Zona,Zona,question_code,Question short label,,,,
variable,native.long,Are you currently living in the country where you were born?,Vivez-vous actuellement dans le pays où vous êtes né(e) ?,¿Vive actualmente en el país donde nació?,Atualmente vive no país onde nasceu?,question_code,Question long label,,,,
variable,native.short,Native-born,Né(e) dans le pays,Nacido/a en el país,Nascido no país,question_code,Question short label,,,,
variable,disabilities.long,People living with disabilities,Personnes vivant avec un handicap,Personas con discapacidad,Pessoas com deficiência,question_code,Question long label,,,,
variable,disabilities.short,Disabilities,Handicap,Discapacidad,Deficiências,question_code,Question short label,,,,
variable,education.long,What is the highest level of education you have completed?,Quel est le niveau d’études le plus élevé que vous avez terminé ?,¿Cuál es el nivel educativo más alto que ha completado?,Qual é o nível de educação mais elevado que concluiu?,question_code,Question long label,,,,
variable,education.short,Education,Éducation,Educación,Educação,question_code,Question short label,,,,
variable,eligible.long,Are you at least 18 years old?,Avez-vous au moins 18 ans ?,¿Tiene al menos 18 años?,Tem pelo menos 18 anos?,question_code,Question long label,,,,
variable,eligible.short,Eligibility,Éligibilité,Elegibilidad,Elegibilidade,question_code,Question short label,,,,
variable,employment.long,What is your professional situation?,Quelle est votre situation professionnelle ?,¿Cuál es su situación profesional?,Qual é a sua situação profissional?,question_code,Question long label,,,,
variable,employment.short,Employment,Emploi,Empleo,Emprego,question_code,Question short label,,,,
variable,gender.long,How would you describe your gender?,Comment décririez-vous votre genre ?,¿Cómo describiría su género?,Como descreveria o seu género?,question_code,Question long label,,,,
variable,gender.short,Gender,Genre,Género,Género,question_code,Question short label,,,,
variable,BEFORE_beneficiary.long,Have you received aid or support from the Red Cross?,Avez-vous reçu une aide ou un soutien de la Croix-Rouge ?,¿Ha recibido ayuda o apoyo de la Cruz Roja?,Recebeu ajuda ou apoio da Cruz Vermelha?,question_code,Question long label,,,,
variable,BEFORE_beneficiary.short,Received Support,A reçu un soutien,Ha recibido apoyo,Recebeu apoio,question_code,Question short label,,,,
variable,BEFORE_donation.long,Have you ever made a donation to the Red Cross?,Avez-vous déjà fait un don à la Croix-Rouge ?,¿Ha hecho alguna vez una donación a la Cruz Roja?,Alguma vez fez uma doação à Cruz Vermelha?,question_code,Question long label,,,,
variable,BEFORE_donation.short,Donated to the Red Cross,A fait un don à la Croix-Rouge,Hizo una donación a la Cruz Roja,Fez uma doação à Cruz Vermelha,question_code,Question short label,,,,
variable,BEFORE_follow_advice.long,Have you ever followed the advice you received from the Red Cross in a crisis situation?,Avez-vous déjà suivi les conseils reçus de la Croix-Rouge en situation de crise ?,¿Ha seguido alguna vez los consejos recibidos de la Cruz Roja en una situación de crisis?,Alguma vez seguiu os conselhos recebidos da Cruz Vermelha numa situação de crise?,question_code,Question long label,,,,
variable,BEFORE_follow_advice.short,Followed the Red Cross recommendations,A suivi les recommandations de la Croix-Rouge,Siguió las recomendaciones de la Cruz Roja,Seguiu as recomendações da Cruz Vermelha,question_code,Question short label,,,,
variable,BEFORE_recommend.long,Have you ever recommended the Red Cross to people who need support?,Avez-vous déjà recommandé la Croix-Rouge à des personnes ayant besoin de soutien ?,¿Ha recomendado alguna vez la Cruz Roja a personas que necesitan apoyo?,Alguma vez recomendou a Cruz Vermelha a pessoas que precisam de apoio?,question_code,Question long label,,,,
variable,BEFORE_recommend.short,Recommended the Red Cross,A recommandé la Croix-Rouge,Recomendó la Cruz Roja,Recomendou a Cruz Vermelha,question_code,Question short label,,,,
variable,BEFORE_request_support.long,Have you ever requested support from the Red Cross?,Avez-vous déjà demandé du soutien à la Croix-Rouge ?,¿Ha solicitado alguna vez apoyo de la Cruz Roja?,Alguma vez solicitou apoio à Cruz Vermelha?,question_code,Question long label,,,,
variable,BEFORE_request_support.short,Requested Red Cross services,A demandé le soutien de la Croix-Rouge,Solicitó apoyo de la Cruz Roja,Solicitou serviços da Cruz Vermelha,question_code,Question short label,,,,
variable,BEFORE_shared_feedback.long,Have you ever shared feedback to the Red Cross?,Avez-vous déjà donné votre avis à la Croix-Rouge ?,¿Ha dado alguna vez su opinión a la Cruz Roja?,Alguma vez partilhou comentários com a Cruz Vermelha?,question_code,Question long label,,,,
variable,BEFORE_shared_feedback.short,Shared feedback,A donné son avis,Dio retroalimentación,Partilhou comentários,question_code,Question short label,,,,
variable,BEFORE_shared_information.long,Have you ever shared information from the Red Cross with others?,Avez-vous déjà partagé avec d’autres des informations de la Croix-Rouge ?,¿Ha compartido alguna vez con otras personas información de la Cruz Roja?,Alguma vez partilhou com outras pessoas informações da Cruz Vermelha?,question_code,Question long label,,,,
variable,BEFORE_shared_information.short,Shared information,A partagé des informations,Compartió información,Partilhou informações,question_code,Question short label,,,,
variable,BEFORE_volunteer.long,Have you ever volunteered at the Red Cross?,Avez-vous déjà été volontaire à la Croix-Rouge ?,¿Ha sido alguna vez voluntario en la Cruz Roja?,Alguma vez foi voluntário/a na Cruz Vermelha?,question_code,Question long label,,,,
variable,BEFORE_volunteer.short,Volunteered at the Red Cross,A été volontaire à la Croix-Rouge,Fue voluntario en la Cruz Roja,Foi voluntário/a na Cruz Vermelha,question_code,Question short label,,,,
variable,INTENTION_donation.long,How likely are you to make a donation to the Red Cross?,Quelle est la probabilité que vous fassiez un don à la Croix-Rouge ?,¿Qué probabilidad hay de que haga una donación a la Cruz Roja?,Qual é a probabilidade de fazer uma doação à Cruz Vermelha?,question_code,Question long label,,,,
variable,INTENTION_donation.short,Intention to donate to the Red Cross,Intention de faire un don à la Croix-Rouge,Intención de donar a la Cruz Roja,Intenção de fazer uma doação à Cruz Vermelha,question_code,Question short label,,,,
variable,INTENTION_follow_advice.long,How likely are you to follow the advice you receive from the Red Cross in a crisis situation?,Quelle est la probabilité que vous suiviez les conseils reçus de la Croix-Rouge en situation de crise ?,¿Qué probabilidad hay de que siga los consejos que recibe de la Cruz Roja en una situación de crisis?,Qual é a probabilidade de seguir os conselhos que recebe da Cruz Vermelha numa situação de crise?,question_code,Question long label,,,,
variable,INTENTION_follow_advice.short,Intention to follow the Red Cross advice,Intention de suivre les conseils de la Croix-Rouge,Intención de seguir los consejos de la Cruz Roja,Intenção de seguir os conselhos da Cruz Vermelha,question_code,Question short label,,,,
variable,INTENTION_recommend.long,How likely are you to recommend the Red Cross to the people who need support?,Quelle est la probabilité que vous recommandiez la Croix-Rouge aux personnes ayant besoin de soutien ?,¿Qué probabilidad hay de que recomiende la Cruz Roja a personas que necesitan apoyo?,Qual é a probabilidade de recomendar a Cruz Vermelha às pessoas que precisam de apoio?,question_code,Question long label,,,,
variable,INTENTION_recommend.short,Intention to recommend the Red Cross,Intention de recommander la Croix-Rouge,Intención de recomendar la Cruz Roja,Intenção de recomendar a Cruz Vermelha,question_code,Question short label,,,,
variable,INTENTION_request_support.long,How likely are you to request support from the Red Cross?,Quelle est la probabilité que vous demandiez du soutien à la Croix-Rouge ?,¿Qué probabilidad hay de que solicite apoyo a la Cruz Roja?,Qual é a probabilidade de solicitar apoio à Cruz Vermelha?,question_code,Question long label,,,,
variable,INTENTION_request_support.short,Intention to request Red Cross support,Intention de demander le soutien de la Croix-Rouge,Intención de solicitar apoyo de la Cruz Roja,Intenção de solicitar apoio da Cruz Vermelha,question_code,Question short label,,,,
variable,INTENTION_shared_feedback.long,How likely are you to provide your feedback to the Red Cross?,Quelle est la probabilité que vous donniez votre avis à la Croix-Rouge ?,¿Qué probabilidad hay de que dé su opinión a la Cruz Roja?,Qual é a probabilidade de dar os seus comentários à Cruz Vermelha?,question_code,Question long label,,,,
variable,INTENTION_shared_feedback.short,Intention to provide feedback to Red Cross,Intention de donner un retour à la Croix-Rouge,Intención de dar retroalimentación a la Cruz Roja,Intenção de dar comentários à Cruz Vermelha,question_code,Question short label,,,,
variable,INTENTION_shared_information.long,How likely are you to share the information that you receive from the Red Cross with others?,Quelle est la probabilité que vous partagiez avec d’autres les informations reçues de la Croix-Rouge ?,¿Qué probabilidad hay de que comparta con otras personas la información que recibe de la Cruz Roja?,Qual é a probabilidade de partilhar com outras pessoas as informações que recebe da Cruz Vermelha?,question_code,Question long label,,,,
variable,INTENTION_shared_information.short,Intention to share Red Cross information,Intention de partager les informations de la Croix-Rouge,Intención de compartir información de la Cruz Roja,Intenção de partilhar informações da Cruz Vermelha,question_code,Question short label,,,,
variable,INTENTION_volunteer.long,How likely are you to volunteer at the Red Cross?,Quelle est la probabilité que vous deveniez volontaire à la Croix-Rouge ?,¿Qué probabilidad hay de que sea voluntario en la Cruz Roja?,Qual é a probabilidade de ser voluntário/a na Cruz Vermelha?,question_code,Question long label,,,,
variable,INTENTION_volunteer.short,Intention to volunteer at the Red Cross,Intention de devenir volontaire à la Croix-Rouge,Intención de ser voluntario en la Cruz Roja,Intenção de ser voluntário/a na Cruz Vermelha,question_code,Question short label,,,,
variable,COMP_accessible.long,Do you think it is easy to talk to a staff or volunteer from the Red Cross?,Pensez-vous qu’il est facile de parler à un membre du personnel ou à un volontaire de la Croix-Rouge ?,¿Cree que es fácil hablar con un miembro del personal o un voluntario de la Cruz Roja?,Considera que é fácil falar com um membro da equipa ou voluntário/a da Cruz Vermelha?,question_code,Question long label,,,,
variable,COMP_accessible.short,Accessible,Accessibilité,Accesibilidad,Acessibilidade,question_code,Question short label,,,,
variable,COMP_awareness.long,Do you think the Red Cross understands the needs of the people it supports?,Pensez-vous que la Croix-Rouge comprend les besoins des personnes qu’elle soutient ?,¿Cree que la Cruz Roja comprende las necesidades de las personas a las que apoya?,Considera que a Cruz Vermelha compreende as necessidades das pessoas que apoia?,question_code,Question long label,,,,
variable,COMP_awareness.short,Awareness,Compréhension,Conocimiento,Conhecimento,question_code,Question short label,,,,
variable,COMP_capability.long,Do you think the Red Cross is capable of helping people?,Pensez-vous que la Croix-Rouge est capable d’aider les personnes ?,¿Cree que la Cruz Roja es capaz de ayudar a las personas?,Considera que a Cruz Vermelha é capaz de ajudar as pessoas?,question_code,Question long label,,,,
variable,COMP_capability.short,Capability,Capacité,Capacidad,Capacidade,question_code,Question short label,,,,
variable,COMP_effectiveness.long,Do you think the Red Cross provides the right kinds of assistance to the people it supports?,Pensez-vous que la Croix-Rouge fournit les types d’aide appropriés aux personnes qu’elle soutient ?,¿Cree que la Cruz Roja proporciona los tipos de ayuda adecuados a las personas a las que apoya?,Considera que a Cruz Vermelha presta os tipos adequados de assistência às pessoas que apoia?,question_code,Question long label,,,,
variable,COMP_effectiveness.short,Effectiveness,Efficacité,Eficacia,Eficácia,question_code,Question short label,,,,
variable,COMP_feedback.long,Do you feel comfortable submitting a complaint to the Red Cross?,Vous sentiriez-vous à l’aise pour soumettre une plainte à la Croix-Rouge ?,¿Se sentiría cómodo presentando una queja a la Cruz Roja?,Sente-se à vontade para apresentar uma queixa à Cruz Vermelha?,question_code,Question long label,,,,
variable,COMP_feedback.short,Openness,Ouverture,Apertura,Abertura,question_code,Question short label,,,,
variable,COMP_openness.long,Do you think the feedback received by the Red Cross influences the way they work and is used by them to improve their services?,Pensez-vous que les retours reçus par la Croix-Rouge influencent sa manière de travailler et sont utilisés pour améliorer ses services ?,¿Cree que los comentarios recibidos por la Cruz Roja influyen en su forma de trabajar y se utilizan para mejorar sus servicios?,Considera que os comentários recebidos pela Cruz Vermelha influenciam a sua forma de trabalhar e são utilizados para melhorar os seus serviços?,question_code,Question long label,,,,
variable,COMP_openess.short,Openess,Ouverture,Apertura,Abertura,question_code,Question short label,,,,
variable,COMP_openness.short,Openness,Ouverture,Apertura,Abertura,question_code,Question short label,,,,
variable,COMP_relevance.long,Do you think the Red Cross provides useful information on what they do?,Pensez-vous que la Croix-Rouge fournit des informations utiles sur ses activités ?,¿Cree que la Cruz Roja proporciona información útil sobre lo que hace?,Considera que a Cruz Vermelha fornece informações úteis sobre o que faz?,question_code,Question long label,,,,
variable,COMP_relevance.short,Relevance,Pertinence,Pertinencia,Relevância,question_code,Question short label,,,,
variable,COMP_responsiveness.long,Do you think the Red Cross provides support to people in a timely manner?,Pensez-vous que la Croix-Rouge apporte son soutien aux personnes en temps utile ?,¿Cree que la Cruz Roja brinda apoyo a las personas de manera oportuna?,Considera que a Cruz Vermelha presta apoio às pessoas atempadamente?,question_code,Question long label,,,,
variable,COMP_responsiveness.short,Responsiveness,Réactivité,Capacidad de respuesta,Capacidade de resposta,question_code,Question short label,,,,
variable,VALUES_Engagement.long,Do you think the Red Cross asks local communities what support they need?,Pensez-vous que la Croix-Rouge demande aux communautés locales de quel soutien elles ont besoin ?,¿Cree que la Cruz Roja pregunta a las comunidades locales qué apoyo necesitan?,Considera que a Cruz Vermelha pergunta às comunidades locais de que apoio necessitam?,question_code,Question long label,,,,
variable,VALUES_Engagement.short,Engagement,Engagement,Participación,Envolvimento,question_code,Question short label,,,,
variable,VALUES_fairness.long,Do you think the Red Cross provides support to the people who need it the most?,Pensez-vous que la Croix-Rouge apporte son soutien aux personnes qui en ont le plus besoin ?,¿Cree que la Cruz Roja brinda apoyo a las personas que más lo necesitan?,Considera que a Cruz Vermelha presta apoio às pessoas que mais precisam dele?,question_code,Question long label,,,,
variable,VALUES_fairness.short,Fairness,Équité,Equidad,Equidade,question_code,Question short label,,,,
variable,VALUES_inclusiveness.long,Do you think the Red Cross provides support to all people without discrimination?,Pensez-vous que la Croix-Rouge apporte son soutien à toutes les personnes sans discrimination ?,¿Cree que la Cruz Roja brinda apoyo a todas las personas sin discriminación?,Considera que a Cruz Vermelha presta apoio a todas as pessoas sem discriminação?,question_code,Question long label,,,,
variable,VALUES_inclusiveness.short,Inclusiveness,Inclusivité,Inclusión,Inclusão,question_code,Question short label,,,,
variable,VALUES_Integrity.long,Do you think the Red Cross is responsible in how its funds are spent?,Pensez-vous que la Croix-Rouge gère ses fonds de manière responsable ?,¿Cree que la Cruz Roja gestiona sus fondos de manera responsable?,Considera que a Cruz Vermelha é responsável na forma como utiliza os seus fundos?,question_code,Question long label,,,,
variable,VALUES_Integrity.short,Integrity,Intégrité,Integridad,Integridade,question_code,Question short label,,,,
variable,VALUES_kindness.long,"Do you think the Red Cross puts the people it supports and their needs first, above anything else?",Pensez-vous que la Croix-Rouge place les personnes qu’elle soutient et leurs besoins avant toute autre considération ?,¿Cree que la Cruz Roja pone a las personas a las que apoya y sus necesidades por encima de todo lo demás?,"Considera que a Cruz Vermelha coloca as pessoas que apoia e as suas necessidades em primeiro lugar, acima de tudo?",question_code,Question long label,,,,
variable,VALUES_kindness.short,Kindness,Bienveillance,Amabilidad,Bondade,question_code,Question short label,,,,
variable,VALUES_Neutrality.long,Do you think the Red Cross is independent of the government?,Pensez-vous que la Croix-Rouge est indépendante du gouvernement ?,¿Cree que la Cruz Roja es independiente del gobierno?,Considera que a Cruz Vermelha é independente do governo?,question_code,Question long label,,,,
variable,VALUES_Neutrality.short,Neutrality,Neutralité,Neutralidad,Neutralidade,question_code,Question short label,,,,
variable,VALUES_Respectfulness.long,Do you think the Red Cross respects people’s cultures and personal beliefs?,Pensez-vous que la Croix-Rouge respecte les cultures et les croyances personnelles des personnes ?,¿Cree que la Cruz Roja respeta las culturas y creencias personales de las personas?,Considera que a Cruz Vermelha respeita as culturas e crenças pessoais das pessoas?,question_code,Question long label,,,,
variable,VALUES_Respectfulness.short,Respectfulness,Respect,Respeto,Respeito,question_code,Question short label,,,,
variable,VALUES_Transparency.long,"If the Red Cross made a big mistake in how they provide support to people, do you think it will share it publicly?","Si la Croix-Rouge commettait une erreur importante dans la manière dont elle apporte son soutien, pensez-vous qu’elle la rendrait publique ?","Si la Cruz Roja cometiera un error importante en la forma de brindar apoyo, ¿cree que lo haría público?","Se a Cruz Vermelha cometesse um erro grave na forma como presta apoio às pessoas, considera que o partilharia publicamente?",question_code,Question long label,,,,
variable,VALUES_Transparency.short,Transparency,Transparence,Transparencia,Transparência,question_code,Question short label,,,,
answer,age_18_29,18-29,18-29,18-29,18-29,data / charts / tables,Age category,,,,
answer,age_20_29,20-29,20-29,20-29,20-29,data / charts / tables,Age category,,,,
answer,age_30_39,30-39,30-39,30-39,30-39,data / charts / tables,Age category,,,,
answer,age_40_49,40-49,40-49,40-49,40-49,data / charts / tables,Age category,,,,
answer,age_50_59,50-59,50-59,50-59,50-59,data / charts / tables,Age category,,,,
answer,age_60_plus,60+,60+,60+,60+,data / charts / tables,Age category,,,,
answer,dont_know,Don't know,Ne sais pas,No sabe,Não sei,survey / charts / tables,Response/data category,,,,
answer,education.none,None,Aucun,Ninguno,Nenhum,data / charts / tables,Education category,,,,
answer,education.noformal,No formal education,Pas d'éducation formelle,Ninguno,Sem educação formal,data / charts / tables,Education category,,,,
answer,education.primary,Primary school,Primaire,Primaria,Ensino básico,data / charts / tables,Education category,,,,
answer,education.professional,Professional,Formation professionnelle,Formación profesional,Profissional,data / charts / tables,Education category,,,,
answer,education.secondary,Secondary school,Secondaire,Secundaria,Ensino secundário,data / charts / tables,Education category,,,,
answer,education.university,University,Université,Universidad,Universidade,data / charts / tables,Education category,,,,
answer,education.vocational,Vocational,Formation professionnelle,Formación profesional,Formação profissional,data / charts / tables,Education category,,,,
answer,employment.employee,Employee,Salarié,Empleado,Empregado/a,data / charts / tables,Employment category,,,,
answer,employment.farming,Farming,Agriculture,Agricultura,Agricultura,data / charts / tables,Employment category,,,,
answer,employment.informal,Informal employment,Emploi informel,Empleo informal,Emprego informal,data / charts / tables,Employment category,,,,
answer,employment.irregular_informal,Irregular/Informal Employment,Emploi irrégulier/informel,Empleo irregular/informal,Emprego irregular/informal,data / charts / tables,Employment category,,,,
answer,employment.not_active,Not active,Inactif,Inactivo,Não ativo/a,data / charts / tables,Employment category,,,,
answer,employment.regular_partial,Regular/Partial Employment,Emploi régulier/partiel,Empleo regular/parcial,Emprego regular/a tempo parcial,data / charts / tables,Employment category,,,,
answer,employment.self_employment,Self-employment,Travail indépendant,Trabajo por cuenta propia,Trabalho por conta própria,data / charts / tables,Employment category,,,,
answer,employment.student,Student,Étudiant,Estudiante,Estudante,data / charts / tables,Employment category,,,,
answer,employment.unemployed,Unemployed,Sans emploi,Desempleado,Desempregado/a,data / charts / tables,Employment category,,,,
answer,gender.female,Female,Femme,Mujer,Feminino,survey / charts / tables,Response/data category,,,,
answer,gender.male,Male,Homme,Hombre,Masculino,survey / charts / tables,Response/data category,,,,
answer,gender.other_or_no_answer,Other or did not answer,Autre ou sans réponse,Otro o sin respuesta,Outro ou sem resposta,charts.R; tables.R,Gender category,,,,
answer,likely,Likely,Probable,Probable,Provável,survey / charts / tables,Response/data category,,,,
answer,mostly_agree,Mostly agree,Plutôt d’accord,Mayormente de acuerdo,Concordo em grande medida,charts_drivers.R,Response category/order,,,,
answer,mostly_disagree,Mostly disagree,Plutôt pas d’accord,Mayormente en desacuerdo,Discordo em grande medida,charts_drivers.R,Response category/order,,,,
answer,mostly_yes,Mostly yes,Plutôt oui,Mayormente sí,"Sim, em grande medida",survey / charts / tables,Response/data category,,,,
answer,na,N/A,N/A,N/A,N/D,data / charts / tables,Generic response category,,,,
answer,no,No,Non,No,Não,survey / charts / tables,Response/data category,,,,
answer,no_answer,No answer,Sans réponse,Sin respuesta,Sem resposta,survey / charts / tables,Response/data category,,,,
answer,no_data,No data,Données indisponibles,Datos no disponibles,Dados indisponíveis,survey / charts / tables,Response/data category,,,,
answer,not_applicable,Not applicable,Non applicable,No aplica,Não aplicável,data / charts / tables,Generic response category,,,,
answer,not_at_all,Not at all,Pas du tout,Para nada,De modo nenhum,survey / charts / tables,Response/data category,,,,
answer,not_so_much,Not so much,Plutôt non,No mucho,Não muito,survey / charts / tables,Response/data category,,,,
answer,other,Other,Autre,Otro,Outro,survey / charts / tables,Response/data category,,,,
answer,prefer_not_answer,Prefer not to answer,Préfère ne pas répondre,Prefiere no responder,Prefiro não responder,survey / charts / tables,Response/data category,,,,
answer,profile.receiving_support,People receiving support,Personnes recevant un soutien,Personas que reciben apoyo,Pessoas que recebem apoio,data / charts / tables,Respondent profile,,,,
answer,profile.recipient,Recipient,Bénéficiaire,Beneficiario,Beneficiário/a,data / charts / tables,Respondent profile,,,,
answer,profile.recipients,Recipients,Bénéficiaires,Beneficiarios,Beneficiários/as,data / charts / tables,Respondent profile,,,,
answer,profile.volunteer,Volunteer,Volontaire,Voluntario,Voluntário/a,data / charts / tables,Respondent profile,,,,
answer,profile.volunteers,Volunteers,Volontaires,Voluntarios,Voluntários/as,data / charts / tables,Respondent profile,,,,
answer,somewhat_positively,Somewhat positively,Plutôt positivement,Algo positivamente,De forma algo positiva,charts_drivers.R,Experience response category,,,,
answer,strongly_agree,Strongly agree,Tout à fait d’accord,Totalmente de acuerdo,Concordo plenamente,charts_sampling.R,Response category in notes,,,,
answer,strongly_disagree,Strongly disagree,Pas du tout d’accord,Totalmente en desacuerdo,Discordo plenamente,charts_drivers.R,Response category/order,,,,
answer,unlikely,Unlikely,Peu probable,Poco probable,Improvável,survey / charts / tables,Response/data category,,,,
answer,very_likely,Very likely,Très probable,Muy probable,Muito provável,survey / charts / tables,Response/data category,,,,
answer,very_positively,Very positively,Très positivement,Muy positivamente,De forma muito positiva,charts_drivers.R,Response category/order,,,,
answer,very_unlikely,Very unlikely,Très peu probable,Muy poco probable,Muito improvável,survey / charts / tables,Response/data category,,,,
answer,yes,Yes,Oui,Sí,Sim,survey / charts / tables,Response/data category,,,,
answer,yes_completely2,"Yes, completely","Oui, complètement","Sí, completamente","Sim, completamente",survey / charts / tables,Response/data category,,,,
answer,yes_completely,Yes completely,"Oui, complètement","Sí, completamente","Sim, completamente",survey / charts / tables,Response/data category,,,,
answer,yes_mostly,"Yes, mostly","Oui, dans l’ensemble","Sí, en su mayoría","Sim, em grande medida",charts_drivers.R,Experience response category,,,,
answer,age_18_39,18-39,18-39,18-39,18-39,data / charts / tables,Age category,,,,
answer,age_20_39,20-39,20-39,20-39,20-39,data / charts / tables,Age category,,,,
answer,age_40_59,40-59,40-59,40-59,40-59,data / charts / tables,Age category,,,,
answer,no_mostly,"No, mostly",Plutôt non,Mayormente no,"Não, em grande medida",charts_drivers.R,Experience response category,,,,
answer,somewhat_negatively,Somewhat negatively,Plutôt négativement,Algo negativamente,De forma algo negativa,charts_drivers.R,Perceived impact response category,,,,
answer,very_negatively,Very negatively,Très négativement,Muy negativamente,De forma muito negativa,charts_drivers.R,Perceived impact response category,,,,
variable,consent.short,Consent,Consentement,Consentimiento,Consentimento,question_code,Question short label,,,,
variable,consent.long,Do you agree to participate in this survey?,Acceptez-vous de participer à cette enquête ?,¿Acepta participar en esta encuesta?,Concorda em participar neste inquérito?,question_code,Question long label,,,,
variable,branch.short,Branch,Branche,Filial,Delegação,question_code,Question short label,,,,
variable,branch.long,Branch,Branche,Filial,Delegação,question_code,Question long label,,,,
variable,migrant.short,Country of Origin,Pays d’origine,País de origen,País de origem,question_code,Question short label,,,,
variable,migrant.long,What is your country of origin?,Quel est votre pays d’origine ?,¿Cuál es su país de origen?,Qual é o seu país de origem?,question_code,Question long label,,,,
variable,disabilities_vision.short,Vision Difficulty,Difficulté à voir,Dificultad para ver,Dificuldade de visão,question_code,Question short label,,,,
variable,disabilities_vision.long,"Do you have difficulty seeing, even when wearing glasses?","Avez-vous des difficultés à voir, même lorsque vous portez des lunettes ?","¿Tiene dificultad para ver, incluso cuando usa gafas?","Tem dificuldade em ver, mesmo quando usa óculos?",question_code,Question long label,,,,
variable,disabilities_hearing.short,Hearing Difficulty,Difficulté à entendre,Dificultad para oír,Dificuldade auditiva,question_code,Question short label,,,,
variable,disabilities_hearing.long,"Do you have difficulty hearing, even if using a hearing aid?","Avez-vous des difficultés à entendre, même lorsque vous utilisez un appareil auditif ?","¿Tiene dificultad para oír, incluso utilizando un audífono?","Tem dificuldade em ouvir, mesmo quando usa aparelho auditivo?",question_code,Question long label,,,,
variable,disabilities_mobility.short,Mobility Difficulty,Difficulté de mobilité,Dificultad de movilidad,Dificuldade de mobilidade,question_code,Question short label,,,,
variable,disabilities_mobility.long,Do you have difficulty walking or climbing stairs?,Avez-vous des difficultés à marcher ou à monter des escaliers ?,¿Tiene dificultad para caminar o subir escaleras?,Tem dificuldade em andar ou subir escadas?,question_code,Question long label,,,,
variable,disabilities_cognitive.short,Cognitive Difficulty,Difficulté cognitive,Dificultad cognitiva,Dificuldade cognitiva,question_code,Question short label,,,,
variable,disabilities_cognitive.long,Do you have difficulty remembering or concentrating?,Avez-vous des difficultés à vous souvenir ou à vous concentrer ?,¿Tiene dificultad para recordar o concentrarse?,Tem dificuldade em recordar-se ou concentrar-se?,question_code,Question long label,,,,
variable,disabilities_selfcare.short,Self-Care Difficulty,Difficulté à prendre soin de soi,Dificultad para el autocuidado,Dificuldade no autocuidado,question_code,Question short label,,,,
variable,disabilities_selfcare.long,"Do you have difficulty with self-care, such as washing all over or dressing?","Avez-vous des difficultés à prendre soin de vous, par exemple à vous laver entièrement ou à vous habiller ?","¿Tiene dificultad para el autocuidado, como lavarse completamente o vestirse?","Tem dificuldade em cuidar de si, por exemplo, a lavar-se ou a vestir-se?",question_code,Question long label,,,,
variable,disabilities_communication.short,Communication Difficulty,Difficulté de communication,Dificultad de comunicación,Dificuldade de comunicação,question_code,Question short label,,,,
variable,disabilities_communication.long,"Do you have difficulty communicating, for example, understanding or being understood [this is not related to a language barrier]?","Avez-vous des difficultés à communiquer, par exemple à comprendre ou à vous faire comprendre [sans lien avec une barrière linguistique] ?","¿Tiene dificultad para comunicarse, por ejemplo, para comprender o hacerse entender [sin relación con una barrera lingüística]?","Tem dificuldade em comunicar, por exemplo, em compreender ou fazer-se compreender [isto não está relacionado com uma barreira linguística]?",question_code,Question long label,,,,
variable,EXTRA_KNOWLEDGE_migration.short,Work with migrants (first aid and humanitarian aid),Soutien aux migrants (premiers secours et aide humanitaire),Apoyo a migrantes (primeros auxilios y ayuda humanitaria),Trabalho com migrantes (primeiros socorros e ajuda humanitária),question_code,Question short label,,,,
variable,EXTRA_KNOWLEDGE_migration.long,Do you know what the Red Cross does in this country?,Savez-vous ce que fait la Croix-Rouge dans ce pays ?,¿Sabe qué hace la Cruz Roja en este país?,Sabe o que faz a Cruz Vermelha neste país?,question_code,Question long label,,,,
variable,EXTRA_KNOWLEDGE_blood.short,Blood Donation,Don de sang,Donación de sangre,Doação de sangue,question_code,Question short label,,,,
variable,EXTRA_KNOWLEDGE_blood.long,Do you know what the Red Cross does in this country?,Savez-vous ce que fait la Croix-Rouge dans ce pays ?,¿Sabe qué hace la Cruz Roja en este país?,Sabe o que faz a Cruz Vermelha neste país?,question_code,Question long label,,,,
variable,EXTRA_KNOWLEDGE_first_aid.short,First Aid,Premiers secours,Primeros auxilios,Primeiros socorros,question_code,Question short label,,,,
variable,EXTRA_KNOWLEDGE_first_aid.long,Do you know what the Red Cross does in this country?,Savez-vous ce que fait la Croix-Rouge dans ce pays ?,¿Sabe qué hace la Cruz Roja en este país?,Sabe o que faz a Cruz Vermelha neste país?,question_code,Question long label,,,,
variable,EXTRA_KNOWLEDGE_social.short,Social Services,Services sociaux,Servicios sociales,Serviços sociais,question_code,Question short label,,,,
variable,EXTRA_KNOWLEDGE_social.long,Do you know what the Red Cross does in this country?,Savez-vous ce que fait la Croix-Rouge dans ce pays ?,¿Sabe qué hace la Cruz Roja en este país?,Sabe o que faz a Cruz Vermelha neste país?,question_code,Question long label,,,,
variable,EXTRA_KNOWLEDGE_family_reunification.short,Restoring Family Links,Rétablissement des liens familiaux,Restablecimiento del contacto entre familiares,Restabelecimento de laços familiares,question_code,Question short label,,,,
variable,EXTRA_KNOWLEDGE_family_reunification.long,Do you know what the Red Cross does in this country?,Savez-vous ce que fait la Croix-Rouge dans ce pays ?,¿Sabe qué hace la Cruz Roja en este país?,Sabe o que faz a Cruz Vermelha neste país?,question_code,Question long label,,,,
variable,EXTRA_KNOWLEDGE_crisis_management.short,Crisis Management,Gestion de crise,Gestión de crisis,Gestão de crises,question_code,Question short label,,,,
variable,EXTRA_KNOWLEDGE_crisis_management.long,Do you know what the Red Cross does in this country?,Savez-vous ce que fait la Croix-Rouge dans ce pays ?,¿Sabe qué hace la Cruz Roja en este país?,Sabe o que faz a Cruz Vermelha neste país?,question_code,Question long label,,,,
variable,EXTRA_KNOWLEDGE_water.short,Water Rescue Service,Service de sauvetage aquatique,Servicio de rescate acuático,Serviço de salvamento aquático,question_code,Question short label,,,,
variable,EXTRA_KNOWLEDGE_water.long,Do you know what the Red Cross does in this country?,Savez-vous ce que fait la Croix-Rouge dans ce pays ?,¿Sabe qué hace la Cruz Roja en este país?,Sabe o que faz a Cruz Vermelha neste país?,question_code,Question long label,,,,
variable,EXTRA_KNOWLEDGE_food_aid.short,Provision of Food and Material Aid,Fourniture d’aide alimentaire et matérielle,Provisión de ayuda alimentaria y material,Fornecimento de ajuda alimentar e material,question_code,Question short label,,,,
variable,EXTRA_KNOWLEDGE_food_aid.long,Do you know what the Red Cross does in this country?,Savez-vous ce que fait la Croix-Rouge dans ce pays ?,¿Sabe qué hace la Cruz Roja en este país?,Sabe o que faz a Cruz Vermelha neste país?,question_code,Question long label,,,,
variable,EXTRA_KNOWLEDGE_other.short,Other Activities,Autres activités,Otras actividades,Outras atividades,question_code,Question short label,,,,
variable,EXTRA_KNOWLEDGE_other.long,Do you know what the Red Cross does in this country?,Savez-vous ce que fait la Croix-Rouge dans ce pays ?,¿Sabe qué hace la Cruz Roja en este país?,Sabe o que faz a Cruz Vermelha neste país?,question_code,Question long label,,,,
variable,EXTRA_KNOWLEDGE_none.short,Don't know,Ne sais pas,No sabe,Não sei,question_code,Question short label,,,,
variable,EXTRA_KNOWLEDGE_none.long,Do you know what the Red Cross does in this country?,Savez-vous ce que fait la Croix-Rouge dans ce pays ?,¿Sabe qué hace la Cruz Roja en este país?,Sabe o que faz a Cruz Vermelha neste país?,question_code,Question long label,,,,
variable,EXTRA_CHANNEL_Phone.short,Over the phone,Par téléphone,Por teléfono,Por telefone,question_code,Question short label,,,,
variable,EXTRA_CHANNEL_Phone.long,Through which channels did you receive the information?,Par quels canaux avez-vous reçu les informations ?,¿A través de qué canales recibió la información?,Através de que canais recebeu a informação?,question_code,Question long label,,,,
variable,EXTRA_CHANNEL_SMS.short,SMS,SMS,SMS,SMS,question_code,Question short label,,,,
variable,EXTRA_CHANNEL_SMS.long,Through which channels did you receive the information?,Par quels canaux avez-vous reçu les informations ?,¿A través de qué canales recibió la información?,Através de que canais recebeu a informação?,question_code,Question long label,,,,
variable,EXTRA_CHANNEL_email.short,E-mail,E-mail,Correo electrónico,E-mail,question_code,Question short label,,,,
variable,EXTRA_CHANNEL_email.long,Through which channels did you receive the information?,Par quels canaux avez-vous reçu les informations ?,¿A través de qué canales recibió la información?,Através de que canais recebeu a informação?,question_code,Question long label,,,,
variable,EXTRA_CHANNEL_social_media.short,Social Media,Réseaux sociaux,Redes sociales,Redes sociais,question_code,Question short label,,,,
variable,EXTRA_CHANNEL_social_media.long,Through which channels did you receive the information?,Par quels canaux avez-vous reçu les informations ?,¿A través de qué canales recibió la información?,Através de que canais recebeu a informação?,question_code,Question long label,,,,
variable,EXTRA_CHANNEL_meeting.short,Community Meeting,Réunion communautaire,Reunión comunitaria,Reunião comunitária,question_code,Question short label,,,,
variable,EXTRA_CHANNEL_meeting.long,Through which channels did you receive the information?,Par quels canaux avez-vous reçu les informations ?,¿A través de qué canales recibió la información?,Através de que canais recebeu a informação?,question_code,Question long label,,,,
variable,EXTRA_CHANNEL_in_person.short,In-person from NS,En personne par la Société nationale,En persona por la Sociedad Nacional,"Presencialmente, através da Sociedade Nacional",question_code,Question short label,,,,
variable,EXTRA_CHANNEL_in_person.long,Through which channels did you receive the information?,Par quels canaux avez-vous reçu les informations ?,¿A través de qué canales recibió la información?,Através de que canais recebeu a informação?,question_code,Question long label,,,,
variable,EXTRA_CHANNEL_family_friends.short,Word of mouth,Bouche-à-oreille,Boca a boca,Boca a boca,question_code,Question short label,,,,
variable,EXTRA_CHANNEL_family_friends.long,Through which channels did you receive the information?,Par quels canaux avez-vous reçu les informations ?,¿A través de qué canales recibió la información?,Através de que canais recebeu a informação?,question_code,Question long label,,,,
variable,EXTRA_CHANNEL_poster.short,Poster / Flyer,Affiche / dépliant,Cartel / folleto,Cartaz / folheto,question_code,Question short label,,,,
variable,EXTRA_CHANNEL_poster.long,Through which channels did you receive the information?,Par quels canaux avez-vous reçu les informations ?,¿A través de qué canales recibió la información?,Através de que canais recebeu a informação?,question_code,Question long label,,,,
variable,EXTRA_CHANNEL_other.short,Other Channels,Autres canaux,Otros canales,Outros canais,question_code,Question short label,,,,
variable,EXTRA_CHANNEL_other.long,Through which channels did you receive the information?,Par quels canaux avez-vous reçu les informations ?,¿A través de qué canales recibió la información?,Através de que canais recebeu a informação?,question_code,Question long label,,,,
variable,EXTRA_FEEDBACK_knowledge.short,Know How to Submit a Complaint,Sait comment soumettre une plainte,Sabe cómo presentar una queja,Sabe como apresentar uma queixa,question_code,Question short label,,,,
variable,EXTRA_FEEDBACK_knowledge.long,Do you know how to provide feedback or make a complaint to the Red Cross?,Savez-vous comment donner votre avis ou déposer une plainte auprès de la Croix-Rouge ?,¿Sabe cómo dar su opinión o presentar una queja a la Cruz Roja?,Sabe como dar feedback ou apresentar uma queixa à Cruz Vermelha?,question_code,Question long label,,,,
variable,EXTRA_FEEDBACK_comfortable.short,Comfortable to Submit a Complaint,À l’aise pour soumettre une plainte,Se siente cómodo presentando una queja,À vontade para apresentar uma queixa,question_code,Question short label,,,,
variable,EXTRA_FEEDBACK_comfortable.long,Would you feel comfortable providing feedback or making a complaint to the Red Cross staff or volunteer?,Vous sentiriez-vous à l’aise pour donner votre avis ou déposer une plainte auprès du personnel ou d’un volontaire de la Croix-Rouge ?,¿Se sentiría cómodo dando su opinión o presentando una queja al personal o a un voluntario de la Cruz Roja?,Sentir-se-ia à vontade para dar feedback ou apresentar uma queixa a um membro da equipa ou voluntário/a da Cruz Vermelha?,question_code,Question long label,,,,
variable,EXTRA_FEEDBACK_Use.short,Submitted a Complaint,A déjà soumis une plainte,Ha presentado una queja,Apresentou uma queixa,question_code,Question short label,,,,
variable,EXTRA_FEEDBACK_Use.long,Have you ever submitted feedback or a complaint to the Red Cross?,Avez-vous déjà donné votre avis ou déposé une plainte auprès de la Croix-Rouge ?,¿Ha dado alguna vez su opinión o presentado una queja a la Cruz Roja?,Alguma vez apresentou feedback ou uma queixa à Cruz Vermelha?,question_code,Question long label,,,,
variable,EXTRA_FEEDBACK_Response.short,Response Received,Réponse reçue,Respuesta recibida,Recebeu uma resposta,question_code,Question short label,,,,
variable,EXTRA_FEEDBACK_Response.long,Did you receive a response?,Avez-vous reçu une réponse ?,¿Recibió una respuesta?,Recebeu uma resposta?,question_code,Question long label,,,,
variable,EXTRA_FEEDBACK_Confidence.short,Confidence in Fairness,Confiance dans l’équité,Confianza en la equidad,Confiança na equidade,question_code,Question short label,,,,
variable,EXTRA_FEEDBACK_Confidence.long,"If many people complained about a service offered by the Red Cross that is working badly, do you think that it would be improved?","Si de nombreuses personnes se plaignaient d’un service de la Croix-Rouge qui fonctionne mal, pensez-vous qu’il serait amélioré ?","Si muchas personas se quejaran de un servicio de la Cruz Roja que funciona mal, ¿cree que se mejoraría?","Se muitas pessoas se queixassem de um serviço da Cruz Vermelha que funciona mal, considera que seria melhorado?",question_code,Question long label,,,,
variable,EXTRA_ENGAGEMENT_voice_view.short,Opportunity to Voice Views,Possibilité d’exprimer son opinion,Oportunidad de expresar su opinión,Oportunidade de expressar opiniões,question_code,Question short label,,,,
variable,EXTRA_ENGAGEMENT_voice_view.long,"If a decision affecting your community is to be made by the Red Cross, do you think that you would have an opportunity to voice your views?","Si la Croix-Rouge devait prendre une décision concernant votre communauté, pensez-vous que vous auriez la possibilité d’exprimer votre opinion ?","Si la Cruz Roja tuviera que tomar una decisión que afectara a su comunidad, ¿cree que tendría la oportunidad de expresar su opinión?","Se a Cruz Vermelha fosse tomar uma decisão que afeta a sua comunidade, considera que teria oportunidade de expressar as suas opiniões?",question_code,Question long label,,,,
variable,EXTRA_ENGAGEMENT_community_discussions.short,Participation in Community Discussions,Participation aux discussions communautaires,Participación en discusiones comunitarias,Participação em discussões comunitárias,question_code,Question short label,,,,
variable,EXTRA_ENGAGEMENT_community_discussions.long,Have you had opportunities to participate in discussions about the support available in your community?,Avez-vous eu l’occasion de participer à des discussions sur le soutien disponible dans votre communauté ?,¿Ha tenido oportunidades de participar en discusiones sobre el apoyo disponible en su comunidad?,Teve oportunidades de participar em discussões sobre o apoio disponível na sua comunidade?,question_code,Question long label,,,,
variable,EXTRA_ENGAGEMENT_dialogue_activities.short,Participation in Dialogue Activities,Participation aux activités de dialogue,Participación en actividades de diálogo,Participação em atividades de diálogo,question_code,Question short label,,,,
variable,EXTRA_ENGAGEMENT_dialogue_activities.long,Have you had opportunities to participate in any activities organised by the Red Cross aiming to strengthen dialogue and understanding between different groups and communities (e.g. migrants and host community members)?,"Avez-vous eu l’occasion de participer à des activités organisées par la Croix-Rouge visant à renforcer le dialogue et la compréhension entre différents groupes et communautés (par exemple, migrants et membres de la communauté d’accueil) ?","¿Ha tenido oportunidades de participar en actividades organizadas por la Cruz Roja destinadas a fortalecer el diálogo y la comprensión entre diferentes grupos y comunidades (por ejemplo, migrantes y miembros de la comunidad de acogida)?","Teve oportunidades de participar em atividades organizadas pela Cruz Vermelha com o objetivo de reforçar o diálogo e a compreensão entre diferentes grupos e comunidades (por exemplo, migrantes e membros da comunidade de acolhimento)?",question_code,Question long label,,,,
variable,EXTRA_ENGAGEMENT_connected_community.short,More  Connected to Community,Davantage connecté à la communauté,Más conectado con la comunidad,Maior ligação à comunidade,question_code,Question short label,,,,
variable,EXTRA_ENGAGEMENT_connected_community.long,Have the engagement activities or discussions facilitated by the Red Cross helped you feel more connected to the community you consider yourself a part of?,Les activités d’engagement ou les discussions facilitées par la Croix-Rouge vous ont-elles aidé à vous sentir davantage connecté(e) à la communauté dont vous vous considérez membre ?,¿Las actividades de participación o discusiones facilitadas por la Cruz Roja le han ayudado a sentirse más conectado con la comunidad de la que se considera parte?,As atividades de envolvimento ou discussões facilitadas pela Cruz Vermelha ajudaram-no/a a sentir-se mais ligado/a à comunidade de que se considera parte?,question_code,Question long label,,,,
variable,EXTRA_ENGAGEMENT_connected_other.short,More Connected to Other Groups,Davantage connecté à d’autres groupes,Más conectado con otros grupos,Maior ligação a outros grupos,question_code,Question short label,,,,
variable,EXTRA_ENGAGEMENT_connected_other.long,Have the engagement activities or discussions facilitated by the Red Cross helped you feel more connected to other groups of people?,Les activités d’engagement ou les discussions facilitées par la Croix-Rouge vous ont-elles aidé à vous sentir davantage connecté(e) à d’autres groupes de personnes ?,¿Las actividades de participación o discusiones facilitadas por la Cruz Roja le han ayudado a sentirse más conectado con otros grupos de personas?,As atividades de envolvimento ou discussões facilitadas pela Cruz Vermelha ajudaram-no/a a sentir-se mais ligado/a a outros grupos de pessoas?,question_code,Question long label,,,,
variable,EXTRA_ENGAGEMENT_participation_impact.short,Impact of Participation,Impact de la participation,Impacto de la participación,Impacto da participação,question_code,Question short label,,,,
variable,EXTRA_ENGAGEMENT_participation_impact.long,Do you feel that being involved in discussions about services and support has helped improve the services?,Pensez-vous que votre participation aux discussions sur les services et le soutien a contribué à améliorer les services ?,¿Considera que participar en discusiones sobre servicios y apoyo ha contribuido a mejorar los servicios?,Sente que o envolvimento em discussões sobre serviços e apoio contribuiu para melhorar os serviços?,question_code,Question long label,,,,
variable,EXTRA_ENGAGEMENT_feeling_valued.short,Opinions and Needs Valued,Opinions et besoins pris en compte,Opiniones y necesidades valoradas,Opiniões e necessidades valorizadas,question_code,Question short label,,,,
variable,EXTRA_ENGAGEMENT_feeling_valued.long,Do you feel that your opinions and needs were valued during these activities or discussions?,Avez-vous le sentiment que vos opinions et vos besoins ont été pris en compte lors de ces activités ou discussions ?,¿Considera que sus opiniones y necesidades fueron valoradas durante estas actividades o discusiones?,Sente que as suas opiniões e necessidades foram valorizadas durante estas atividades ou discussões?,question_code,Question long label,,,,
variable,EXTRA_RELEVANCE_enough_information.short,Enough Information,Informations suffisantes,Información suficiente,Informação suficiente,question_code,Question short label,,,,
variable,EXTRA_RELEVANCE_enough_information.long,"Do you feel the Red Cross provided you with enough information to navigate essential aspects of life (e.g., housing, work, services, legal matters)?","Pensez-vous que la Croix-Rouge vous a fourni suffisamment d’informations pour vous orienter dans les aspects essentiels de la vie (par exemple, logement, travail, services, questions juridiques) ?","¿Considera que la Cruz Roja le proporcionó suficiente información para desenvolverse en aspectos esenciales de la vida (por ejemplo, vivienda, trabajo, servicios y asuntos legales)?","Sente que a Cruz Vermelha lhe forneceu informação suficiente para lidar com aspetos essenciais da vida (por exemplo, alojamento, trabalho, serviços, questões legais)?",question_code,Question long label,,,,
variable,EXTRA_RELEVANCE_information_impact.short,Useful Information,Informations utiles,Información útil,Informação útil,question_code,Question short label,,,,
variable,EXTRA_RELEVANCE_information_impact.long,Has the way information was shared been useful for improving your situation?,La manière dont les informations ont été partagées vous a-t-elle été utile pour améliorer votre situation ?,¿La forma en que se compartió la información ha sido útil para mejorar su situación?,A forma como a informação foi partilhada foi útil para melhorar a sua situação?,question_code,Question long label,,,,
variable,EXTRA_RELEVANCE_information_decision.short,Information for Better Decisions,Informations pour de meilleures décisions,Información para tomar mejores decisiones,Informação para melhores decisões,question_code,Question short label,,,,
variable,EXTRA_RELEVANCE_information_decision.long,Has the information provided by the Red Cross helped you make better decisions about your daily life?,Les informations fournies par la Croix-Rouge vous ont-elles aidé à prendre de meilleures décisions dans votre vie quotidienne ?,¿La información proporcionada por la Cruz Roja le ha ayudado a tomar mejores decisiones sobre su vida cotidiana?,A informação fornecida pela Cruz Vermelha ajudou-o/a a tomar melhores decisões sobre a sua vida quotidiana?,question_code,Question long label,,,,
variable,EXTRA_RELEVANCE_information_planning.short,Information for Better Planning,Informations pour mieux planifier,Información para una mejor planificación,Informação para melhor planeamento,question_code,Question short label,,,,
variable,EXTRA_RELEVANCE_information_planning.long,"Has access to information, participation, and trust in services contributed to improving your ability to plan for the future?","L’accès à l’information, la participation et la confiance dans les services ont-ils contribué à améliorer votre capacité à planifier l’avenir ?","¿El acceso a la información, la participación y la confianza en los servicios han contribuido a mejorar su capacidad para planificar el futuro?","O acesso à informação, a participação e a confiança nos serviços contribuíram para melhorar a sua capacidade de planear o futuro?",question_code,Question long label,,,,
variable,BEFORE_information.short,Received Information,Informations reçues,Información recibida,Recebeu informação,question_code,Question short label,,,,
variable,BEFORE_information.long,"Have you received any information about available support, services, or opportunities from the Red Cross?","Avez-vous reçu des informations sur les aides, services ou opportunités disponibles auprès de la Croix-Rouge ?","¿Ha recibido información sobre el apoyo, los servicios o las oportunidades disponibles de la Cruz Roja?","Recebeu da Cruz Vermelha alguma informação sobre apoio, serviços ou oportunidades disponíveis?",question_code,Question long label,,,,
variable,BEFORE_engagement.short,Impact of Red Cross engagement,Impact de l’engagement avec la Croix-Rouge,Impacto de la interacción con la Cruz Roja,Impacto do envolvimento com a Cruz Vermelha,question_code,Question short label,,,,
variable,BEFORE_engagement.long,Has engagement with the Red Cross helped improve your overall life situation?,Votre engagement avec la Croix-Rouge a-t-il contribué à améliorer votre situation générale ?,¿La interacción con la Cruz Roja ha contribuido a mejorar su situación general?,O envolvimento com a Cruz Vermelha ajudou a melhorar a sua situação de vida em geral?,question_code,Question long label,,,,
variable,BEFORE_trust_improved.short,Impact of Migrant Support on Trust,Impact du soutien aux migrants sur la confiance,Impacto del apoyo a migrantes en la confianza,Impacto do apoio a migrantes na confiança,question_code,Question short label,,,,
variable,BEFORE_trust_improved.long,Have the recent activities related to supporting migrants affected your trust in the Red Cross?,Les activités récentes liées au soutien aux migrants ont-elles influencé votre confiance envers la Croix-Rouge ?,¿Las actividades recientes relacionadas con el apoyo a migrantes han afectado su confianza en la Cruz Roja?,As atividades recentes relacionadas com o apoio a migrantes afetaram a sua confiança na Cruz Vermelha?,question_code,Question long label,,,,
variable,BEFORE_perception_improved.short,Impact of Migrant Support on Perceptions,Impact du soutien aux migrants sur les perceptions,Impacto del apoyo a migrantes en las percepciones,Impacto do apoio a migrantes nas perceções,question_code,Question short label,,,,
variable,BEFORE_perception_improved.long,Have the recent activities related to supporting migrants affected your perception of the Red Cross’ values and competences?,Les activités récentes liées au soutien aux migrants ont-elles influencé votre perception des valeurs et des compétences de la Croix-Rouge ?,¿Las actividades recientes relacionadas con el apoyo a migrantes han afectado su percepción de los valores y competencias de la Cruz Roja?,As atividades recentes relacionadas com o apoio a migrantes afetaram a sua perceção dos valores e competências da Cruz Vermelha?,question_code,Question long label,,,,
template,drivers.experience_title,Experience,Expérience,Experiencia,Experiência,,,,,,
template,drivers.last_12_months,In the last 12 months,Au cours des 12 derniers mois,En los últimos 12 meses,Nos últimos 12 meses,,,,,,
template,drivers.next_12_months,In the next 12 months,Au cours des 12 prochains mois,En los próximos 12 meses,Nos próximos 12 meses,,,,,,
template,drivers.impact_subtitle,Perception of impact,Perception de l’impact,Percepción del impacto,Perceção do impacto,,,,,,
template,drivers.channel_title,Channel,Canal,Canal,Canal,,,,,,
template,drivers.channel_subtitle,Through which channel did you receive information from the Red Cross?,Par quel canal avez-vous reçu des informations de la Croix-Rouge ?,¿A través de qué canal recibió información de la Cruz Roja?,Através de que canal recebeu informações da Cruz Vermelha?,,,,,,
template,drivers.knowledge_title,Knowledge,Connaissances,Conocimientos,Conhecimento,,,,,,
template,drivers.knowledge_subtitle,Awareness of the Red Cross role,Connaissance du rôle de la Croix-Rouge,Conocimiento del papel de la Cruz Roja,Conhecimento do papel da Cruz Vermelha,,,,,,
